address,prize_id,prize_name
3PH7163bwoukgGve1fruozbvz6f259EvWPh,5,Ash duck
3P8auNWJkxxByyJtwErFXaxiXcGM45qQ1hA,4,Phoenix
3PKWnViT5G32ioPCncxLyydibsaXtQcEcSH,4,Phoenix
3PEefC8c83QtJPQ2NV4XwmvRc3EnV2cd1CC,4,Phoenix
3P6FjQcHZNggULXG8twvbjpsT1sBU8Sh2yv,4,Phoenix
3PCwUP1i4tzLASB68zWQffRzayi8L5WeMns,4,Phoenix
3PB9hofStD5Fe1HEv33oVH5yuZg32gExFoE,3,Genesis Duck
3PBzybvcmeruDUQKn3QRN7Q1KhYhscvsVTZ,3,Genesis Duck
3PJBM4ZFTrxX1gmYHnbULeDYiN5buJNkYWZ,3,Genesis Duck
3PG4ATWqe7BfbkdwpnU1Gg24Yqbi8FNogHT,3,Genesis Duck
3PLgxxDtEhzTMyRoxSHnwBwRUjDLfSLKGGZ,3,Genesis Duck
3PAYPCFbBDMTKuWHyjjUc7pso9bWU4KLWBB,3,Genesis Duck
3PA8Rquzoxwp6rnJAtbQv9S3Zk9vR48oj1y,3,Genesis Duck
3P4zJsq1XwHkRFjxH5QRVpc3AW8zGHJcNYY,3,Genesis Duck
3P8uTaPk4JtWP9JwZLweeSq1efJfMtJQQ75,3,Genesis Duck
3PLxC3jWXZ5cqikU3a3tSa3bYhTjCHKr1ow,3,Genesis Duck
3PF1bPAKovU3FLZoqdpRSxK4CKPEYNWwHA5,3,Genesis Duck
3PAU6QhBs15HehEDZaapoaaDBh6t4ZNawMn,3,Genesis Duck
3PPhb9KHUAsQTUrhGFs1dArMrnPBYwFR9fM,3,Genesis Duck
3PK8P87wEyJ69QBUx8M1oE4tDXU1muUyv9e,3,Genesis Duck
3PFkt9q6NeFFp9VL9Nm2CeAWsHXQfPqW7H4,3,Genesis Duck
3PDCysCab1TfYpH3Cbjdca2pdaaaE1RJxsW,3,Genesis Duck
3P96nzndmcodNQLqLh47xpJvbBj87TgQKs7,3,Genesis Duck
3PQNCJZnAfQ94CFYvqKsg2f9Bvvif9eHhmk,3,Genesis Duck
3PH5pxPekeXCcUVbE1rcnggNdua8MyShtRm,3,Genesis Duck
3P65q7zPDwTPsPo1DT773MCn5VMdP5wHoxk,3,Genesis Duck
3PB5B4xZv9UyNZNt2X1xLKHVkP5Rt4XACMV,3,Genesis Duck
3PLUNSg5xkwKon8aYJfxitSQT463GUWzga5,3,Genesis Duck
3PF3vMmZNZAufQfCmGy5kZCmF4hWj1PhgAi,3,Genesis Duck
3P1wriMwcpkHHrz5SGRuwn7wrrGKNC9HxK4,3,Genesis Duck
3PEQi28p1uJzMUPpcYjKXmjykqLCAs1AFvd,3,Genesis Duck
3PL7GNoN2xYbUDEYNGcvQdBHX1NxWwWYdVu,3,Genesis Duck
3P6YH4ewxk8vYUjLqcSkbdTFR8axtx5A19G,3,Genesis Duck
3PKzhbpSUArPyL3UpMeFdikVSQivsSz7ZpC,3,Genesis Duck
3PGTkqiKHjyNpeZDECCkteGmXz328oDuBNc,3,Genesis Duck
3PB8iAAo2YvTWcn9N6w3EhcHKb49G4MMWcL,3,Genesis Duck
3P8oKHxzFURNVGwvcSpFZ6DT34rJmh8xbQU,3,Genesis Duck
3PDNAZBN8C3menYb9kn6Mej6Zwf1Gch6G2N,3,Genesis Duck
3PEp4Q28YqCV5tFr1kLdvxdSFPjTMhW5tS6,3,Genesis Duck
3PDsQzdermwxU43Hm1meF5HkEhcnLNNuNTZ,3,Genesis Duck
3P3CQmZXJGCnXgWunrQ4Yr12ZNBHN7woote,3,Genesis Duck
3PKymY4sUNt76oyKDBmpYFw6RBCmmGaGQvG,3,Genesis Duck
3P2MukpEEWFoRbPPMsr6ZpfcQD8TaURAwn3,3,Genesis Duck
3PNkJewH4dA5hNvVuYKsmWk8S2aAXJB1uaB,3,Genesis Duck
3P9HuSqpsNnGDZnKgVKifYz7sz7Rgqace1w,3,Genesis Duck
3PH7y8ptA72ENx2gfTRTiAip3AqyUaLGz6o,3,Genesis Duck
3PDUrMXdU8THLGcGvVK3AJBA59HqfRGykYf,3,Genesis Duck
3PQD8TWJvnPNoZkihXVDRCUD56vhUtCwzJb,3,Genesis Duck
3P6FmLre6TuMgtpL5wXAd2PeS4fdzvhFTWL,2,Mantle x1Genesis Duck
3P5icGKdJ82iLgijtK1DoykMYXGJ3PQUxxk,2,Mantle x1Genesis Duck
3P4pPGXJbzajME6rCMm8hFdHbLXp6hM1G62,2,Mantle x1Genesis Duck
3P686PhHzKpUwWDtBgv54pAc1n7FLyN6KwF,2,Mantle x1Genesis Duck
3P9JJJiPtM4221hxrBUv8Nmn83rAq32BuiQ,2,Mantle x1Genesis Duck
3P21xmN8PTf4eGJdJJsm6afSdhvy5MjnvQA,2,Mantle x1Genesis Duck
3PBtdbz9DruKrBUN56VgouCL9Az3TFT1utx,2,Mantle x1Genesis Duck
3P4zrPmFcwjNgoJvC1hihKZAN65LD1aEBiD,2,Mantle x1Genesis Duck
3P4xteRu9bW29aXLNEnbkBonk4twM4X8BKE,2,Mantle x1Genesis Duck
3P2ghZxffbhXjZJuVvkQqY6Dcp214aakUAS,2,Mantle x1Genesis Duck
3PBX52L5cps1k4nhx93K1VBS3okbZUQsgTk,2,Mantle x1Genesis Duck
3PPKCabWjkRdA74i24sUPPRtMaNynyGKTsX,2,Mantle x1Genesis Duck
3P9byPcpZoQdv5myJrbLFn77jvNnKB1bpvs,2,Mantle x1Genesis Duck
3PL48JXWKiY2rjcNLQk2M5JTiNzRRZ8H1Xq,2,Mantle x1Genesis Duck
3PD4KXAnU3ToNSCfUaGv7KsNBTjBGacP6ox,2,Mantle x1Genesis Duck
3P6At5SH21zaERNL4yzHdw1i1Yyh4u7P7v8,2,Mantle x1Genesis Duck
3P5bQbJEhXjzuXhobngXhGm1XNZFtE43LqR,2,Mantle x1Genesis Duck
3P5iyM67bEF5PLVVhRg9RvzfroTCr6n841b,2,Mantle x1Genesis Duck
3PMCNURsteLJGcDaMZfjXKjVguXGwWLs9hU,2,Mantle x1Genesis Duck
3PF6HUACCxujjSbdxtUzPuwbQUjXQd4eqF2,2,Mantle x1Genesis Duck
3P9gG92Tqg4cSR3UHBozrAzNhwpsTSfokLo,2,Mantle x1Genesis Duck
3PBjdkPJM5oyyzi4CaPcJCmdV9F6E748ZGr,2,Mantle x1Genesis Duck
3PM56Hi1746M3wFwLcg1zzpPdFzXY7iid4B,2,Mantle x1Genesis Duck
3PQkfqnYCtVzHJqk6J7BoEPs5pD81w3mXCk,2,Mantle x1Genesis Duck
3P2fWPM5Cim8nqCKBPup89QRiMkvnaskn57,2,Mantle x1Genesis Duck
3P2EDoG2nxrXGwcGT8RkGhWJje61ZMCuXr3,2,Mantle x1Genesis Duck
3P3iV85eXfkcA3Dd13EpZBYvs1vkKX6AYEN,2,Mantle x1Genesis Duck
3PC3uTiH2rFqHEn5webtWJzaiRHeCU6wVpp,2,Mantle x1Genesis Duck
3P58vMvwJY1GUbdRwMK16KRGY4dcpjb24SR,2,Mantle x1Genesis Duck
3PKfEovvch6wqDEAaFW9QCBiZJ5fu6DQQHZ,2,Mantle x1Genesis Duck
3PKCJqu7humZkNdy9DLQYCNCCnMU3MKFy1N,2,Mantle x1Genesis Duck
3PAA5BPyowrbwvQRbgZMw2vuQefAHyDhXdY,2,Mantle x1Genesis Duck
3P4D8pf4MgupDAY2y3vGcxzosZTeS9mwESP,2,Mantle x1Genesis Duck
3P4WExAqRxnVnpe9DQFRmo1eMvRfL29iAnr,2,Mantle x1Genesis Duck
3PH1caqTUdnqCNzWv2M9yL79CaeGCKbLdeo,2,Mantle x1Genesis Duck
3PLsGEDTfRKr1ppqdo7Jiuo1MYscuMNFinK,2,Mantle x1Genesis Duck
3P61L5HFVGrEo7oECt9fEMFWt7n51F3D9Rr,2,Mantle x1Genesis Duck
3P6EM7vqB4SePdcwMKYE155RDTkKH4mS7Kc,2,Mantle x1Genesis Duck
3PLxDymYtmqTP2n8B9e7tKGA5vFd2F41sid,2,Mantle x1Genesis Duck
3PBwmY7U6YwDjb22jC4fWfCnNyuuTECTQs4,2,Mantle x1Genesis Duck
3PJP7mvFrHrMa7DBnKftqhe6GwFbeT22uYE,2,Mantle x1Genesis Duck
3PRDb4XYTGZdg76D6iqSVbeQ2iKk46EauMN,2,Mantle x1Genesis Duck
3P9z4dWKE8R3C3cbbzxH89xEtGHiMvnPmUn,2,Mantle x1Genesis Duck
3PJmwdeatVk54wGBRzFDZP586KPSRBwD39T,2,Mantle x1Genesis Duck
3P56LX4ZRKWtbiMrCoCi1UEVPMhjDxPbDY6,2,Mantle x1Genesis Duck
3PNKjNq62vhGmfVmfnsS9JUaFaX1zW5yAni,2,Mantle x1Genesis Duck
3PNggS2NseJmXNQEbudhUN8o7q6U5pAJPkk,2,Mantle x1Genesis Duck
3PFKTefq9qCDZDjGBG3miFzKG11TLCasqUW,2,Mantle x1Genesis Duck
3PLoB6fEsBiheKgzUdQtcepCwf7mNBFMnRx,2,Mantle x1Genesis Duck
3P3g8cFaT3sTLCrALWUCcw4HxoQjSRMt2ZE,2,Mantle x1Genesis Duck
3PQsctpqfggNA2Gqz34HSYchYbh3K9g8zDo,2,Mantle x1Genesis Duck
3PJtkTCiiaEJoWM44AVgdqQAidyWgJF8gKD,2,Mantle x1Genesis Duck
3PPUQvdP7CmVN2q4zGt3AXrQ8Q8C7xT353r,2,Mantle x1Genesis Duck
3PCkcKHHcjjVDXfwSARqVgNJPcKtcGmrd2R,2,Mantle x1Genesis Duck
3PFBU2k9bEpLuLX8zgXPKPa1S6AYDNpg38h,2,Mantle x1Genesis Duck
3P8jbKG6aRJmang9DBRhLkY4QRiFkjqnwB5,2,Mantle x1Genesis Duck
3PCkUMgEYSKXTeHwJQNUpkfJXwYna4Aefz6,2,Mantle x1Genesis Duck
3P8dLgTiAos7kvs4HvkoduRs35BPeybmfQS,2,Mantle x1Genesis Duck
3PNVx8obHSu1QBBW84dNHZRZSum6eyEgauf,2,Mantle x1Genesis Duck
3PEVJtisJAPZ7Vq4XYq9cHSC6Xf54hkzTkF,2,Mantle x1Genesis Duck
3PNCoHEcPbx1Pd3PLUHJ8VVVhHHsW7rAxVK,2,Mantle x1Genesis Duck
3PNPLCXftPqLyLztna9H5VK32wNrHYQrL88,2,Mantle x1Genesis Duck
3PE1gxkMSvyez6tzb3BnNZuNsUMQxfN5ow9,2,Mantle x1Genesis Duck
3PCtMsehm1wz6i7pR7tWsYgRnojzQw5yMTu,2,Mantle x1Genesis Duck
3PDmbdM3KpzZscQ8qxQCNMVk86F8xs9WFvQ,2,Mantle x1Genesis Duck
3PEV8yWiUAKudPCASxqSRCbJDpzudy76UAU,2,Mantle x1Genesis Duck
3PR9ee8dnKVnLREWzUiGX5RhibLsFKCLHwM,2,Mantle x1Genesis Duck
3P2SSKGzBa1MB32oC7ccTdWjHgVif9K62sF,2,Mantle x1Genesis Duck
3P39R9vjhW8Sq2pr7fZfLzDhchG8H5r9Yh5,2,Mantle x1Genesis Duck
3PBDNYzzygivV3u1peXJNMNjbaosA6D7fhx,2,Mantle x1Genesis Duck
3P2FMHavshKyciyu8cHvkVjkwppqXmz7nWm,2,Mantle x1Genesis Duck
3PDoE5GBgPSDqEhD2BxCBdnAJZjPKoPwuvP,2,Mantle x1Genesis Duck
3PLnr2EwvtB2FYufD7tojV99RMEU9psAhYa,2,Mantle x1Genesis Duck
3PACSeGj5TfuDx48vS8kz3bS53hSXXmtWnC,2,Mantle x1Genesis Duck
3P4dqDyjLHx8Bu6k1kwAPFTi8Rru4uhXMuc,2,Mantle x1Genesis Duck
3P8ffsHW1sYKyynAjWe1bSqvo3RcviencfC,2,Mantle x1Genesis Duck
3PKucVidUGyFRamMeYaHWK1hmZaU7W6JZzv,2,Mantle x1Genesis Duck
3PGQ1QXZ5ADn9gjuhUocbxnfkBwMRTFX7e4,2,Mantle x1Genesis Duck
3PFABshELQBhPQBaBMUJfkXC5ATAri81ayy,2,Mantle x1Genesis Duck
3PKUFKm1ujQYAVC7AzTdpxAhmxBN8omQ5uU,2,Mantle x1Genesis Duck
3P8bxPavni6rQjNXWFnP6Xw68Bb8gyAB3pb,2,Mantle x1Genesis Duck
3PRDr6TuT7hWU43YPw4PmcPbsietYnWvBRm,2,Mantle x1Genesis Duck
3P5T9GaAcSyoyhj44AyGNUveNDZB1KCo9xy,2,Mantle x1Genesis Duck
3P2zKiZcbjgHr8eydkzTnLYQkFzrt8cDiop,2,Mantle x1Genesis Duck
3PKuwyLkg2RXbE1Y28VaE1Kt435R3i1ZtqE,2,Mantle x1Genesis Duck
3PPx22UoTg5L8YrynFbwrAZ2XYNgz6Q6MEG,2,Mantle x1Genesis Duck
3P8KBNDTDVPZeyHXSNuERG8e4XZPr4f3h6C,1,Perch
3PHVVqwKCu1iM1yk37DnsUpaLtCJgCwkuu7,1,Perch
3P9z8MndJGRo1StAmUwJdEApwMUyruBkMZ4,1,Perch
3P8xw9b9fKityxD2BktZfCf4YL42AQLjuyi,1,Perch
3P58P8y27raJtXyYKqFecwisBYc3MjpBj1f,1,Perch
3PNgZZ3ad5HrV7HDLHP6sYPC95z6xeb7kZ9,1,Perch
3PGdDi4pbBDmcaVVD9FWrtYdDbsYwQS1oyZ,1,Perch
3PBpuHBzPEyBokffjFi9aDZWrg6gSosv1i7,1,Perch
3PGb9RrWBvQ1x7Rf6r17FQSCUd7dZaCtKNa,1,Perch
3P7e6FNREH7ZC6K2tGstjTymeZATRtGriaZ,1,Perch
3PAPnU9ADaotEYXwJbAfGRoSABp6Du3hxDZ,1,Perch
3PJ22NF53J9JBugGkvu3zd2kPoERGwzD3ew,1,Perch
3PDxtyK4ZPXTXRLJ98ZUxFRUd8zsBTFcsuH,1,Perch
3PPrR4GNrWdJibYCxezNXxDRkghJV5RVRbW,1,Perch
3P7odAHJEQ8Qsew91meP3v4Wc6q1JNZfRhz,1,Perch
3P6bYsnEmZkGwMhbKx6thEqjvy8aYi5bJt2,1,Perch
3PAF1UmSTn272BouzevJQS5HSqgs9uyPGAb,1,Perch
3PBMiM9bWztpj1JgPysRNUxnqsbzocRMNfQ,1,Perch
3PKPJdfCErevQsyaC4fVFGCb24v3AtzXnzq,1,Perch
3PNLBJMbhS4HsT3yq9E8rUPpeDGBm1ZPTye,1,Perch
3PLPTh6h9uoByi8UTtyaQNSZwx99NLLpYaJ,1,Perch
3PG46NxFcWurMhbtKjHQyYJMAK9mwx89512,1,Perch
3PCXrFE4XiMKmxiM7kWrckh6zSKktenHway,1,Perch
3PQzmCa6E7mXZFgpumJFWmj9GDJjVGCPrqo,1,Perch
3P84R7o8KWbuxhnBLvF87XkWz9SgveuncPV,1,Perch
3P5YWvui6peKjomoBYP7sS2RZCHjqxzZsRP,1,Perch
3PQviiVxo3wFy3uP7jb6f5zKFd8X7HjXt5X,1,Perch
3P3zpfz1oxiwNHWHouddJVx5drSC3aBKyFz,1,Perch
3PLiVY4cMDQV4WSrmJ6dgL3RaroWwd2t2w3,1,Perch
3PLaKMcneYrFjcWaEvEoThhR8mj2ivba8rr,1,Perch
3PBpYawbCNwErcZ74diQuEzVPb1fRSEWGhM,1,Perch
3PM4XHQ7Ak5MD1nJNFy1FRSAucmmVtho7oJ,1,Perch
3P9qF9TbxtbcrYwdJvVm8sKuEhFr2zaHr9W,1,Perch
3P2opnaLgVCHrYuUkRZCYzkDCSfB86UkMLL,1,Perch
3PHyZVtE2apvSc1o9htx2UHwSn69EEwK7cY,1,Perch
3P3LFLCSGhmVydJtPMKLHrE8e85LYJTr81y,1,Perch
3P8d4iB1jYXBPm1FCtb9sUobbqsFMCzofsN,1,Perch
3PMLCP9ZxdWnab7FLoxQ6Bwh6zTXLabGA4Z,1,Perch
3PFmyYWKrxW5oucjHfZx1wGTZe2KpSG9pks,1,Perch
3PQJdPEQCbschPoPo4Wh8VwPeLkEitaS4oy,1,Perch
3P2pLnFis7MWV1oM93K3SvsViwA6wWu7DPk,1,Perch
3P6A5yzSeri6MwbxrDV8fRYB3XeucTov4Bp,1,Perch
3PBjSW8qvpTdD2Cb6YdFeCYJvbq6tYK13HT,1,Perch
3P6sTDXPzSPKh3TtuoFoFz6EJj51Dt6MXXd,1,Perch
3PHjKF2C1c3UvnFUXUKtRp3isJsrenYTxTN,1,Perch
3P8h7wfQHfweztnumwFaq4aSMBwno2VMkeH,1,Perch
3PDszvbgdqB8fW3hDmtzy4UFVgTWuT1NkMi,1,Perch
3PLZuyBCrQEXVQSaj2nVyGDrPzjX3BNEQHS,1,Perch
3P2jmP1HzmGaUV2EUbcTHvyeKAKrCxX6bwV,1,Perch
3PPHjE6RLyaaniDrVTY57b3TgnJ9oiT64bU,1,Perch
3PPYZr5pVRvLyutndqmfVXkovBpACPjXqJX,1,Perch
3P9j5uM6J88W8L49GpFqaiuBRwLedyyh3Tz,1,Perch
3PBQFZbotqeU7Dmou9R2NheXLxFK5Udhh9a,1,Perch
3PP6tGguVDN1j7GL2xoj27HtpCviFKxDDYd,1,Perch
3PBuBzYGNEVuBPeitHyKnVSsWkPE646hPZ1,1,Perch
3PHt6txDpAJJRYxpUSUKBYxEuMpmYL2B8Bi,1,Perch
3P41cyduKCGX5HNcqztRXhF5ss1ZrY4bdbr,1,Perch
3PKfMSV5QMfuXzKeoVTMMWyFRtB54X3kwAq,1,Perch
3PQqJXJ8qJL3KA7ccGc6khd1ESnDTqSV2DK,1,Perch
3P67KzWSeYt4LQfsxqXj1yXDTyCRmCRsCCL,1,Perch
3PPCzX2doZ7agBNuGSKqjrbdXgGEtE7CpQ3,1,Perch
3P6ybcje3dCWJCVcLUdUN1fCUqbQD6tg2QG,1,Perch
3P6mMQQiPbk6imZQNq1Tf2NgTZeK2AF5dX1,1,Perch
3PMfQJDkn7x2u475exdWiUZwa8ShQkfZ634,1,Perch
3PBVEiWXPwVpngTKjEvvUJyNTPXpHN6g7wJ,1,Perch
3PGvAEXg2A6YCLojHLCnngZHKExNwxbUBVy,1,Perch
3P5dbnB7NmMJxdwe5wf9GRX1aq9abzNXa8b,1,Perch
3PQ2AHBNUGz6neZ5a44Az3rBAuU6Qz7Ty6R,1,Perch
3PBbbNAaa8CRK8c7BCBEAfEKPj6cJFcYZb9,1,Perch
3P9ugB9LjvrWR8rAve9FE7D9wgUBhqNwjA5,1,Perch
3P87rsAzNVzSWKcPfZ5AV7iKoxE7Y3SbFsL,1,Perch
3PHq2MRCpkpZz7SyKbsuUWLsX88wo4w4yEV,1,Perch
3PBpGNu2iY4FQ9c3ozeFwwZkmDSYcy9Zu5j,1,Perch
3PAsjkKNWJHCi1WTL43XdTDETSmCyPXLuDY,1,Perch
3PL3cyyncN2e9pffg3T7ucTUMk2xzzgTHPm,1,Perch
3P5ewT84kLX3d9iGQmoASon4mc4pPUXBccC,1,Perch
3PBbMeuxLNkUGxMyfTtuXb9R46m2mXttCLH,1,Perch
3PE65RAio8C26jRvvYnsCqgfeK3Msb3JqCc,1,Perch
3PGkyVSxBtQJtT5E2t88MWBjJEJ4skZSn7n,1,Perch
3PJaK6gy9GKDXYaRK2kTkTrqDSbtbp5H999,1,Perch
3PLD7iobTZoKVLfV4ATfuRbKzUh8d5t2nuh,1,Perch
3PLuXxEXCZLEHuLqHZyqDPRkVGzCxyhZqeC,1,Perch
3P7fvEekSEmaJtQAxRSGCTy1xRhxQeC3gDF,1,Perch
3PQUVTo5AyNWx6tbr7v4ZkUZ6kD9jSB4ibX,1,Perch
3PFChwWjdwd2xKvB9yR3zToSNASJFjr155M,1,Perch
3PPRDfB6ScU2MYFs67DpfjtpWj9GugM6KzA,1,Perch
3PJze6U1rv5rgej7GjSFo5LfrhtTCDWuCL2,1,Perch
3PLrAg6ZPcqPdFEqc8VEtq5RG4g88WNQEr3,1,Perch
3PAj8so8Y4yGwELQaVZ4UCaiK74UGaQwKmR,1,Perch
3PK5eMammT43zZw5iqU8ZovRt9u7PoyL9ve,1,Perch
3P8NjaKqLGVLyoJLiez387qDPzg7ZUd7kdJ,1,Perch
3PDZFJJVS1qVgHpKWxGFy5iYAsohy4UurUY,1,Perch
3PG7W4Z2xzRBrr6TELmzxejYdSYcp1FMbEM,1,Perch
3PLW2Gy9F3CYubrBQwEGczHDhufNo6nxGrx,1,Perch
3P4nutDxC3t6o2Qdnr3vFoesmSzvqymrisQ,1,Perch
3PLywPiMYmwbKNEBJLvAbjEnkH1mLs57RjH,1,Perch
3PF8dtsxmFhVVpFvDgbjXJN7YvMTPFkPTKt,1,Perch
3PKc4PC4jiYyxBoRWi3gZMJn7eP2x9Drva1,1,Perch
3PEe2RELUHCFCBsmSCNcBJ8N3URLVQende7,1,Perch
3PKReRQ7L4w2mRWEizzHqR8zu6cdczHBt9k,1,Perch
3P7YMimYQq7gK4RbzL4TGSGhbyxGryR4WWt,1,Perch
3PFnZtyUVRr3RJ6WGruqxCQWAoBzzWjfM2E,1,Perch
3P889nNUedMsX4infauGsEf9xK9TLuiuWdW,1,Perch
3P8CzfxqsxBbzBaRzifd9DYMVzjAyhve1XS,1,Perch
3PD727T5pTmjUru4YWdgeYJt3dTrC3sKTyK,1,Perch
3PKmkjnvd3BzpUJvTpskSjLYs9kg4qe1bJY,1,Perch
3PQ62CknwT5u5Un3HAsVYjTSG8v8UT9hHoP,1,Perch
3P8AtdLDBRwqnjjbwJiU4GNsHQe4DtVXS7o,1,Perch
3P8FdkdS9FMpss85WEoXfeBRGniievM9ASo,1,Perch
3PMiSP4XSfWaGhTioccRBem29zJKkw3SbVq,1,Perch
3P61k9sGLx9MX4P8ceUtnUMH5Yo4K9PAHve,1,Perch
3PH3LAaW15rHQ1F7NuB2Y7g4sVxgnrT8pam,1,Perch
3PDnD5H6EhhMfBom5GZghFxXgeFGvBZAdxB,1,Perch
3PHaTcy9riBceBGtWLYxacMXc2Dzx5G92cs,1,Perch
3PJHEGqA67FyDuhzD2iYKZRV9bSgna2GTu6,1,Perch
3P8AYKfFMHwKGKGPSQCedGb7ikxjvDVRaaJ,1,Perch
3PPCPW2thcLMuy7qBzcLRvTBeRs3kw8moBU,1,Perch
3PLiB9JzgEyPd339REwrvjMvV7HrfhXmPp6,1,Perch
3P9a7DbTiMNnqdXeQRzv4nTcXt4Eeg25Tbf,1,Perch
3P7u6cACc1LbNUzQYwmsMbZwWj5KKe4yAEX,1,Perch
3P78kbimoYTtKHLSQhXuZTk3CoyCjuW2TUB,1,Perch
3PHmmiFTqsHhxxd8pkc7WsobqkLNbKscDac,1,Perch
3PM6WpbREhzoYEBgvuwkZ2VPyJXnHAvQS5w,1,Perch
3PCgxKpvUC5RMwxNS7cTqS8jFcjF3xjhGXM,1,Perch
3PKfmvvWbuLcYcnW1pRgfKRtuSykNJVxsTZ,1,Perch
3PEXSxbLPmWDpFhcPSXHJ5wxdLtYeu1BSMp,1,Perch
3P6hLaCZegkZY1NdK3aXZ3cPs8AxZxuXYH3,1,Perch
3PBVKTxNnLj98eyPzZaj2JbCGoMhCDPoZ4K,1,Perch
3PDwBbPxc4qYgKaFFuVC4EAhvfb5hXoGit3,1,Perch
3PM925wkL7SSo2yEtLvrLHu3TCQPitiLMM9,1,Perch
3PKViuf9FHhvV2oAzCNTUcBD8ubBoov4p6V,1,Perch
3P3dfK4u7BscSc4zuQxSd4mpQqKWeXu8jia,1,Perch
3PLUcWqhnhpPc4TPAUPbDxBSr5XUNP5GvPq,1,Perch
3P5E1NjuaXV66F3wTBHoBqYcCiWBKC4mury,1,Perch
3PKE1mS5EB1jnessEgF8S84Lyq9fyEWXcQS,1,Perch
3P7oUsnsc7xygidAq1K574Jjm69rL4vENzV,1,Perch
3PM9BNFcZEgkL5SSy1bV7Cgs9FmeSbumKwg,1,Perch
3PF7FHEJpdkw6NQaVWtt7yBscEaTcmBPb8W,1,Perch
3PM6rqNW2Nkez5aJVjbS18qxNfq2ArshQob,1,Perch
3PFi4UccUsGePt73T5rgZTdN5yFFCUmEAAA,1,Perch
3PMi5uNYPSAoD1DzkcFfrdu4dB43VGNPkp1,1,Perch
3PHxLhiBttTryTsTBYRWYn742NmMigwM34s,1,Perch
3PBrz1kp2aaDoaxUtiFApDZP1gZeWanBrsi,1,Perch
3PG3tSEyXEXVAHW8GAqBGjgw6CvpZSozWZA,1,Perch
3PK8VT7UG7NPaKA3Z3KkhNHfuPtGgjSfjrd,1,Perch
3PFi4u2pgVjsLUsw5MdKLYAbrpMMZx7jCJQ,1,Perch
3PMwqgdbcjwHjBxGaciq3bRc9E4sCfKpvcc,1,Perch
3PD9KoGWSkUxhgMnh81gydc2s8aJgj3njka,1,Perch
3PDWFMk6js2HRH9dTiyTzmmNgkMBi5ZHs81,1,Perch
3PPEcVQToXjLYwoxU32Y7zNHGfXa3R7ud47,1,Perch
3P1yejrQHB5vfKWS47erjYrqXbC8msgM7zP,1,Perch
3PNhUxvxkxgQHr41oC9cBKPszvSgTNc5HYa,1,Perch
3PEd5BXLsbKeUK6tBGtA2M1vhy3GtDSAJCe,1,Perch
3PNeGuBUk5MmD3qNJ8RDBTGdvG71Ungi2Ca,1,Perch
3PNLMQrHNLW6mCzsw4zdqUuMFdVZorP83Mk,1,Perch
3PGCAp6z1m9iyUZTShUkT8mvBcTdRjxm1Sq,1,Perch
3PLHTGNZag9dKemyHg5qWFRp9CuSxNhV9ho,1,Perch
3P3A3hhkiCghUhvUUomk2wh36mSLnc1t4CH,1,Perch
3PNeGtyF4JVtaZYcU8h2tw77KQ8Rx4MfZKP,1,Perch
3PPe3yz95pFFs9dTAZqaCv1JH7E7Rqxf5Qt,1,Perch
3P7KbVqkanBor8VxP6RUoVG4fMA8Fvb8CaW,1,Perch
3PExcr5CSnZphpmNJWy32QQi1AdAZs2vb4t,1,Perch
3PMB9xLPM8kE9kBfXyDjX12uDd4RZmUMw7c,1,Perch
3P3Hz9QQaku36ipLcvxCtydLWbSBk3snR6W,1,Perch
3P9RdSXAPDxQBZkjvSwaBNtdp4iDSbd5ZYv,1,Perch
3P9kh4dDtMrBit9TmBEhyyvA5uVZRVVi14v,1,Perch
3PKSPGgFuaXcgbTKoXyTwiQVrAafuqn11cb,1,Perch
3PNQkmTyBvCQMYJ4JUMUVr6MMtF4kjDuuo2,1,Perch
3PQhGvLgHdUt4GviS8wX5ZwqAZQPv5mnUoi,1,Perch
3PKQUkFTrECFwPqMFHVPxSQrqcjXfx1AxoX,1,Perch
3P2RQcs7pidJ7CvGGVeoYAXAUvzKoZeJYpC,0,Mantle xMantle x1Genesis Duck
3PNqU74bKMnKnnuXB5m7GAFpc4J2GH7Py8U,0,Mantle xMantle x1Genesis Duck
3PHAR8mCbfMayNqAJFMkDVstVukm5HdwmRz,0,Mantle xMantle x1Genesis Duck
3PRE7XLZ4CJZPKpUuJoRURNGvFiLHcK64rK,0,Mantle xMantle x1Genesis Duck
3PGkj3U4dYapAE2TocywTLFLF98haq8idcr,0,Mantle xMantle x1Genesis Duck
3PBesGSATkt3aec9FoTZYSU8iREGrosntSf,0,Mantle xMantle x1Genesis Duck
3PAq1NXcaKrnNEBfD6NsVsjN4kzRyvnP5kw,0,Mantle xMantle x1Genesis Duck
3PE25EsPn265kAMEC3dGqncRKxZVkzynX9P,0,Mantle xMantle x1Genesis Duck
3PKojKW3HqwxRddtN4cSnaGHX9dbFmRtT6T,0,Mantle xMantle x1Genesis Duck
3P25RzqHp5c6LjQcQQHAnyNYf723Mwk8Tao,0,Mantle xMantle x1Genesis Duck
3PE4nB2PDuZ4LCFhBHhCbDTnKVmG9TDHvyx,0,Mantle xMantle x1Genesis Duck
3P72ToLC3GpN9kHzpuqLy7STLBs7zN6c1MR,0,Mantle xMantle x1Genesis Duck
3PMh6Cr9EztjoxQ6VbJ5hLYXE8BQxpC5GSS,0,Mantle xMantle x1Genesis Duck
3P8pGyzZL9AUuFs9YRYPDV3vm73T48ptZxs,0,Mantle xMantle x1Genesis Duck
3P9nVXPWhhX7F6F7UsxUgjTpwUvbTgYsrLc,0,Mantle xMantle x1Genesis Duck
3PBgQrKTmmFGBDHa2T95TJJ3sVctnyoQaMS,0,Mantle xMantle x1Genesis Duck
3P81tV4vjcXQUPjvFGf1mjd4Mh8vrJ7P1k5,0,Mantle xMantle x1Genesis Duck
3P2mrrRtcDXtAaQopNedJbpwajtH5BefNp9,0,Mantle xMantle x1Genesis Duck
3P2HSVtY36nq6WCJYESR3aCByE5LX1gdDJh,0,Mantle xMantle x1Genesis Duck
3PNS3wr7L9yKKCkAMh9vakLUcSXHUgdm4Lx,0,Mantle xMantle x1Genesis Duck
3PGLsuxuRSnmYXX1TDevrXwQDED4NWdJSjw,0,Mantle xMantle x1Genesis Duck
3PAWPg1ELjNUS7gwSsREbDbG7JD6FNHoXwu,0,Mantle xMantle x1Genesis Duck
3PFR27tYNjNfLsfGgPf2JC9qtB5aaR8mzyi,0,Mantle xMantle x1Genesis Duck
3PHzJvfXvDMDjhMCPdDFrLKproAJdNRGoc5,0,Mantle xMantle x1Genesis Duck
3P7Z3ueyFonY7ZwJMq4jaqwr51qMLp3WFat,0,Mantle xMantle x1Genesis Duck
3PL4UnNMXVZcTUqfiMHAdNrwg1Qv5mG7ti9,0,Mantle xMantle x1Genesis Duck
3P4gp89saSVekvn28hqZUJSdSB1F1jKao9y,0,Mantle xMantle x1Genesis Duck
3P8Vv3FxX5NYbnkWyfHmRb2qMNgW35RjV7r,0,Mantle xMantle x1Genesis Duck
3PB5AjrvPPE1DFzvhLRyyXjAHK8VGXEJhPo,0,Mantle xMantle x1Genesis Duck
3P5agzACndG3oqHwuPDbTbVjZmAJcDUa419,0,Mantle xMantle x1Genesis Duck
3P9ubWDayKkoY8Hn4X5R9oz8TRVctqHVBhF,0,Mantle xMantle x1Genesis Duck
3PAi661USPCqFUzxgkdBXS5A5QHyAP4vDbL,0,Mantle xMantle x1Genesis Duck
3PQQmde53m9FPn8JWow7Lm5J8aUj4j9sKQW,0,Mantle xMantle x1Genesis Duck
3PEcPeQ6QRccJW4PvDDr8WdqkwgjJXsou6D,0,Mantle xMantle x1Genesis Duck
3PLu6kDCu9CN3eAcHyidETRirYqmVZwx1Sm,0,Mantle xMantle x1Genesis Duck
3PFhLW7AsbzdNjCVXT1iB9UWKbg1cD5P5e7,0,Mantle xMantle x1Genesis Duck
3P2N9z7dNfsgkUZhvvNiQpewb6DwpJRL5r9,0,Mantle xMantle x1Genesis Duck
3PAHX6d1NProJFFqhKXnoWyKvpF7CBN4QUS,0,Mantle xMantle x1Genesis Duck
3P9RvWhtRiYHEusN8ZQgFbuUE3U7L7MHs2s,0,Mantle xMantle x1Genesis Duck
3PDBPd63zK6s1xSGSW7tt5euiUzmod9rDJm,0,Mantle xMantle x1Genesis Duck
3P4b9qL6y1X1Qmziki8JFMddSM8TZhKzc3D,0,Mantle xMantle x1Genesis Duck
3P8gvD6Xj9xNDrAxtjdwAc88ub2cZpHEFfL,0,Mantle xMantle x1Genesis Duck
3PQKqv5gXZXsq2gvoZmVLiCPZPfpQ1xv66Y,0,Mantle xMantle x1Genesis Duck
3PKGVmL9GBFbxXzC2BpZeqgeaqwqsUbDMPL,0,Mantle xMantle x1Genesis Duck
3P2Eygd3ueHsZhKs5L9XPxRRun7KDbGdxYY,0,Mantle xMantle x1Genesis Duck
3PK9CXxhTdJHAbjoXSM2RkwVm11FM1YC95a,0,Mantle xMantle x1Genesis Duck
3P464Tgpm2Qa8avyeacWVcXGCi18AgxSHR8,0,Mantle xMantle x1Genesis Duck
3P4xfc2YyinCRGQtjC1qP98zpEMW17jRcu1,0,Mantle xMantle x1Genesis Duck
3PBBBPk4DVrx8bXtYMzmir22GpksqVVitVm,0,Mantle xMantle x1Genesis Duck
3P7k4yb5uWdV2s9avCLxcDYrre3gbkTWKrF,0,Mantle xMantle x1Genesis Duck
3PE2az4pzrT2a1T2J5abxnW4MewkJSbtBLX,0,Mantle xMantle x1Genesis Duck
3P4Uw8EE8k9FF4gvTT87WB92rpzscnJE9pp,0,Mantle xMantle x1Genesis Duck
3PKSrc3vTQ97TAXTa52T9QMvQmLoyVi3Sy4,0,Mantle xMantle x1Genesis Duck
3P4rSBSDs9qJRLmqgtqnhHr8pVPynqutgWX,0,Mantle xMantle x1Genesis Duck
3PDqoeEYyC85FJGcj45cCw7eZqe9qFJVKLt,0,Mantle xMantle x1Genesis Duck
3PBuzLvt7D1wFYoFN51xjsy84buDRzdTCMJ,0,Mantle xMantle x1Genesis Duck
3P5LPKpVVRQjyha9ZCi8u8UuYYJExSQrdKS,0,Mantle xMantle x1Genesis Duck
3P6mCXyXjghXQvHqi6DnqcqENPtjN8Hs68P,0,Mantle xMantle x1Genesis Duck
3PF9PixxvdXy81qXAfwbdAdJUdLyfF8qvDu,0,Mantle xMantle x1Genesis Duck
3P4wKvJZhEQpkZVPFwUc355sadb3uSEXtxS,0,Mantle xMantle x1Genesis Duck
3P3peuDxw8ERfYBGTKokX86veZejoSfp8C8,0,Mantle xMantle x1Genesis Duck
3PKCkCPKQftnzKtxU6gg1nFr7VfdQMQTTCz,0,Mantle xMantle x1Genesis Duck
3P75qqJCTJrFs27w2qSzZtMybJsEKsWMU19,0,Mantle xMantle x1Genesis Duck
3P7A2Y7JCq8mbdRWTgiLX3JqQ3QsQAJur2J,0,Mantle xMantle x1Genesis Duck
3P6QV2AEgJLYimELMCMFWrQKK4SqkhA7hi2,0,Mantle xMantle x1Genesis Duck
3PEaaffBwczwA5ZVuuWpuYSq8p9HnoA8GzA,0,Mantle xMantle x1Genesis Duck
3P5bL6V4oGTZtMTirj9WxtbxUntqXdjevAE,0,Mantle xMantle x1Genesis Duck
3PLw4H6vpmzpksbR6y55RLg9xqYsox5MwmW,0,Mantle xMantle x1Genesis Duck
3PLfrqKh5eYcyXQUJagP3XL9qgv8HA5ct77,0,Mantle xMantle x1Genesis Duck
3PQN7KZ7Cyu1JYTM7aFi2bHwkL5mqch5MFD,0,Mantle xMantle x1Genesis Duck
3PNbym778Rqr5oJpwtXtAzyCvuSzWhBJQGL,0,Mantle xMantle x1Genesis Duck
3PA5cjdV4DtC3MCa3vdnYLz1aT2pLoiD9iF,0,Mantle xMantle x1Genesis Duck
3PL4wYy6Ftf7WiZDEZ7V1U635hSTx3eED2n,0,Mantle xMantle x1Genesis Duck
3P3RqTFxcnPaY1DGTbjhjdauYNZeswR3vbV,0,Mantle xMantle x1Genesis Duck
3PKwyfmdezyezULAPX2rNimarSqysGiHeDJ,0,Mantle xMantle x1Genesis Duck
3P5w2wrMNy3fNacyMYmyhveGQCGgQxVNd1C,0,Mantle xMantle x1Genesis Duck
3PDjT2XmFQgCT12oecsTMssnv59tvzGBXYb,0,Mantle xMantle x1Genesis Duck
3PFKkDvN6kmQpEQUqGeaEM92phdDbaDkka2,0,Mantle xMantle x1Genesis Duck
3P82coRu1rNfim6PHDjgsUKEKRZL6bj8S1S,0,Mantle xMantle x1Genesis Duck
3PPn7p9KnAfsHfr36b7Tjk8PmjfAv8KyjDq,0,Mantle xMantle x1Genesis Duck
3P3kvDkUudd3HTBwuD9vDS1Cchorr1Q3waE,0,Mantle xMantle x1Genesis Duck
3P8ZozDnPoNVSK13pj6Kv4rWAhytPf7AYoq,0,Mantle xMantle x1Genesis Duck
3P3meecD1mehP6Y53gGjLAtAaRkdfMaG1Kb,0,Mantle xMantle x1Genesis Duck
3P8PiaCGyJBgSC914d87jj4m1ej4JWKsHuA,0,Mantle xMantle x1Genesis Duck
3PFyTwGD3yYGAbThimtTKz911KwjPgbKAZ1,0,Mantle xMantle x1Genesis Duck
3PJrLzQFuQaC44DnX4WtxFSLTLpDk3zTuNK,0,Mantle xMantle x1Genesis Duck
3PMCqsbWf1o3iNpraq1eFa6dBNks2BCXzZN,0,Mantle xMantle x1Genesis Duck
3PC4bzhM4ERX3Dq51XjjaUbp23y8dmmyQQU,0,Mantle xMantle x1Genesis Duck
3P25hCQ3GSMkRfRrbNzwwuf6VUudsNqSDTg,0,Mantle xMantle x1Genesis Duck
3PGYyKi3PmjeDuzirQsFW2ojgHK1qFNjv1J,0,Mantle xMantle x1Genesis Duck
3PJeAELKE7c6xKYJ5RcwNRcCvutjqUDf4y8,0,Mantle xMantle x1Genesis Duck
3PFUWyqAFSmBjZ1AN2AeeBu1J4pywimiDSb,0,Mantle xMantle x1Genesis Duck
3PKuJHiDoRu1NA7LpdfjU1dmaj7dP7VWpUj,0,Mantle xMantle x1Genesis Duck
3P5c37qbWrHspRTfKT2GWD8cshcRwbRXWdx,0,Mantle xMantle x1Genesis Duck
3P7QCFdFFk4WQbBotiiJeEUeMacLFFqiJVD,0,Mantle xMantle x1Genesis Duck
3P4kkQBVLzYk6oXtv6pQaKgVYtLtMo6cFQF,0,Mantle xMantle x1Genesis Duck
3PKn9e5hhVSojyDXuLXgo75KrFjDmGbzp8j,0,Mantle xMantle x1Genesis Duck
3PKMPxLhX9Y1e9z1GQmNKRurhuJPU58dJ7i,0,Mantle xMantle x1Genesis Duck
3P9D1oU27JVxf3i9y2zWhh2fBGkc4fovGEo,0,Mantle xMantle x1Genesis Duck
3PEWmKBS8MiZtzapVEWJtmqMovK1njpGJgA,0,Mantle xMantle x1Genesis Duck
3PQeh4bkzYqYxmmFWZXkWqqHjhuwTn4Jsw5,0,Mantle xMantle x1Genesis Duck
3P6RviA1qqdW3Qt7d6LHLBcy3rcnkhX1NSB,0,Mantle xMantle x1Genesis Duck
3PGEJXBTHmmXvk7HbV9fC6QPgXxU2YkkJ5C,0,Mantle xMantle x1Genesis Duck
3PKUcpJYXvTn2iiRQ2boiAcFVmaZR9d2Hpy,0,Mantle xMantle x1Genesis Duck
3P5EoXTpS4wEmfzR1uBsKznvccctiVc9ppU,0,Mantle xMantle x1Genesis Duck
3P3LZEqmEBpR6PugzJLnfymTKchtBBFxDFe,0,Mantle xMantle x1Genesis Duck
3PGhD48Nowu6u9VusEHoBqDsy9BxhviB2aF,0,Mantle xMantle x1Genesis Duck
3P44qUv8LWKzocjXimuW5KorkiaTtbUQxDP,0,Mantle xMantle x1Genesis Duck
3P3A7LGJVAoPs4fXGbFfBEM1qtcoiaZaYBM,0,Mantle xMantle x1Genesis Duck
3PKgDvqufeSQDcbsP8VrCvZXcA4GVviLPCY,0,Mantle xMantle x1Genesis Duck
3PQN6WFnKWTmrAfsNnE3ExqhmTiu3RcH7LX,0,Mantle xMantle x1Genesis Duck
3P8V3HFpNjNSt4UJJm9CrVqEqgMaY3bMJD2,0,Mantle xMantle x1Genesis Duck
3P4hiwf2jkM8fNY2zuRqL5LV3G2sU9jNdpQ,0,Mantle xMantle x1Genesis Duck
3PABoiJxGsNS2TRUCTYfTeEbtN6FhiJNWe5,0,Mantle xMantle x1Genesis Duck
3PKQtNGN3x86gvCeywUtvvNYkvLZyXp9Eu2,0,Mantle xMantle x1Genesis Duck
3PFdtj53K3Vg8deb5WUsvWppjxPA6AWch6L,0,Mantle xMantle x1Genesis Duck
3PLWjF1ciAAt7FQ5rUswemuh7PwWumSnfE8,0,Mantle xMantle x1Genesis Duck
3PG5A8uS59BBMbYgNmgnP1jKp46Yu2yPtTp,0,Mantle xMantle x1Genesis Duck
3P62ZFLcVitq2VNuBndY9Fg7jZB6PCJ3z6c,0,Mantle xMantle x1Genesis Duck
3PGuCJV6tguRbqFZX4XQV1Etnk4TLHa7jTe,0,Mantle xMantle x1Genesis Duck
3PMNBTzNKSN4yQDQWHVEs9x6AQne6i6dHr8,0,Mantle xMantle x1Genesis Duck
3PJjXfUSKmi2Csp6wDfi9jc37yHpT4sbAnY,0,Mantle xMantle x1Genesis Duck
3P72bP4PEsvMxwQYt4s3hDBxcfdMG2CZZzM,0,Mantle xMantle x1Genesis Duck
3PAMyZswhPftVj54cNmEFTKMuSk2Gc2cFav,0,Mantle xMantle x1Genesis Duck
3PGJj2F3YQkrS6VfqrKpPSuiw5b1fEwu89F,0,Mantle xMantle x1Genesis Duck
3PNKambXLh1yjzMzsZWumebZnQJXY9sVUDV,0,Mantle xMantle x1Genesis Duck
3PJBKPrNVxGNJ9pAwtgtcAbozas8LUvgmg4,0,Mantle xMantle x1Genesis Duck
3PNztbotsNpKq1XWtod77iZMsUiQkGrgyfK,0,Mantle xMantle x1Genesis Duck
3P8z3xrM7kkX66u5UA8z8ihF1c8vvsZUUBX,0,Mantle xMantle x1Genesis Duck
3P9JkLB3pCoL7xUcp2Zk5YrdBQeic2HbCL2,0,Mantle xMantle x1Genesis Duck
3PDFPHwsDqJb1WKrf5C81XHjDtpqLr7PA7s,0,Mantle xMantle x1Genesis Duck
3PCqWr3sjL6ok7dU4yPtM2MEF8hEbpvtiuS,0,Mantle xMantle x1Genesis Duck
3PBxHCYXF5Lta7FjRkgZ7sTq9toneeSw8nF,0,Mantle xMantle x1Genesis Duck
3P4MN7yXbnq2uMX5QbU9qNafZQ2Bpc6gs5r,0,Mantle xMantle x1Genesis Duck
3P6HFmWY1fwJAEr9NFMTeHUgJqhe8yKfqwd,0,Mantle xMantle x1Genesis Duck
3PGRqDdna6tqCgyXyWHCaJzWzrVMaXnPuiL,0,Mantle xMantle x1Genesis Duck
3PDK6H2Sm7GZuAHBXWbowCNoUSBhGhA123n,0,Mantle xMantle x1Genesis Duck
3P4ccX4JELcQcXQW9yMP1tMu5puzCwox1oo,0,Mantle xMantle x1Genesis Duck
3PJGuBYKrpc8iaDoNxB78S4UbhFtLQPhRLL,0,Mantle xMantle x1Genesis Duck
3P7sZiGkdaRqeD46BUGarqAfVQHkD64Kf7f,0,Mantle xMantle x1Genesis Duck
3P58obhNzLaer4QxZBV3d1VLDJX1uCcsbga,0,Mantle xMantle x1Genesis Duck
3PBaLHovjCxpGDaw42JSbbzWvJFz1QHeQH2,0,Mantle xMantle x1Genesis Duck
3P6rVQbRs9xa3PRtYVCDA3rrqworrdVKEnH,0,Mantle xMantle x1Genesis Duck
3PFoptzwHeHqjAdtq2wmbiisQ53HPsn2CxA,0,Mantle xMantle x1Genesis Duck
3P3rHEu1daa7dzyHNSZNkkE2T8dhzxnTut4,0,Mantle xMantle x1Genesis Duck
3PHtk7T8UC2BVVxm8hW2jZs7ggg8GFPPofE,0,Mantle xMantle x1Genesis Duck
3PPGHAd1FNmdzm8cYVz68RL8CkN7w9yNbTB,0,Mantle xMantle x1Genesis Duck
3PBz7AZXorWFCTfSbMngPgBc9WG8eyXY6Tu,0,Mantle xMantle x1Genesis Duck
3PDC85TsC4syBLhFP2cxBABimwuRBwe9aqW,0,Mantle xMantle x1Genesis Duck
3PE4Vqs1PesdTF26XyP7CnTeZaBbHGMeFJa,0,Mantle xMantle x1Genesis Duck
3PE8RBhoYsquMmGw8eR98VzxnLUjpHKFNk3,0,Mantle xMantle x1Genesis Duck
3PK9sf2PCSiMr9o8ARS1RyCK3dMCZE9DADn,0,Mantle xMantle x1Genesis Duck
3PJ3jXf8T3XpYzRC7tWNE3Z5EGcy4aM6SRU,0,Mantle xMantle x1Genesis Duck
3PLGdTuPWPqC2h5bt1UgsrZBkUqK1ENJpq2,0,Mantle xMantle x1Genesis Duck
3P64qEVzuGzBJuYfDXYisFtokJChSRa8uja,0,Mantle xMantle x1Genesis Duck
3PJEfsjLq3aTac4mdT611ZNovoo93Q5wCRj,0,Mantle xMantle x1Genesis Duck
3PGYDWsNG3FDVqSe6hKnanpfyzTAa1v7zQQ,0,Mantle xMantle x1Genesis Duck
3PDaiD7oKufRCVhAYXGReY7GKrpFpmAaE3a,0,Mantle xMantle x1Genesis Duck
3PDcWMLGoMYwMhMEUSXyin3oMeN8AA5b49R,0,Mantle xMantle x1Genesis Duck
3PJLvaY9ruYWJta49HpZvnp6Xr4pEB4424D,0,Mantle xMantle x1Genesis Duck
3P3u5igbVVpJoFgcpmZHnjRtXryneGQZYL2,0,Mantle xMantle x1Genesis Duck
3PPBF9aBoHjyH8jE51Y7XnBWyrLZ9Tkx5cW,0,Mantle xMantle x1Genesis Duck
3PGDoJA1VrKW3j6t8iytSVDvNuNWHiAo3By,0,Mantle xMantle x1Genesis Duck
3P8kaMotkUqpm4MzXWyxcKAHHxGX4sjimYH,0,Mantle xMantle x1Genesis Duck
3PQPVfZkdAp2YEtm1j3FDkUn8vYYq2fFnGv,0,Mantle xMantle x1Genesis Duck
3P655tu2Vo6NG3vRcTXEJ9gBMb8PZNnctaW,0,Mantle xMantle x1Genesis Duck
3PDDmqFuPHU88YTv9JKcttTSmfR2UW1DGcd,0,Mantle xMantle x1Genesis Duck
3PLxe5GhEahpxNUsKPqa8pc1qrbxuPgwwCK,0,Mantle xMantle x1Genesis Duck
3PEA9BQHNKAZj2s7KAXc4PPK5qoShFbUjgR,0,Mantle xMantle x1Genesis Duck
3PGGwHLfLdjEa4TjryWc6na9CeBZ1wErcxj,0,Mantle xMantle x1Genesis Duck
3P99HRyc6du7KHWREGqE5Aohvj9Jx1jEZwj,0,Mantle xMantle x1Genesis Duck
3PK6WccN81M8G6tehL5WGr5w9ThTB6FfL6v,0,Mantle xMantle x1Genesis Duck
3PDd99Aauw7F6jSbCMjeAk77h6CzuDEY1z6,0,Mantle xMantle x1Genesis Duck
3PK3WTFusC46yZc4ddFU9QASB7XhoCdbkx2,0,Mantle xMantle x1Genesis Duck
3PBBvPeK6YtwhKCQUEanSJbFfdSs3oE1ay7,0,Mantle xMantle x1Genesis Duck
3P6E4K3aayrFNBeMG3N8qMXYgozGGnaUWFJ,0,Mantle xMantle x1Genesis Duck
3PBHbk63wkMzApLvKBoyDwUwiKbUBBjMoLd,0,Mantle xMantle x1Genesis Duck
3PLK7vfrJpNF6bgqvkZ1fMMAcyBEiarsC69,0,Mantle xMantle x1Genesis Duck
3PN1UeYxYEfMQbRkRgJQGmTmM4Wku6n3T6k,0,Mantle xMantle x1Genesis Duck
3P4Tfr2onnyDHhnkahnSEo1BHbo6QZ2BMsc,0,Mantle xMantle x1Genesis Duck
3P43wDCzAkCHzzSBTpnSWFBfkzLQEXxzcu8,0,Mantle xMantle x1Genesis Duck
3PC775NFpYFsdeSuhMbK9MLNSpN5zR5oWeK,0,Mantle xMantle x1Genesis Duck
3PAAagiBDkP8SBfVuRjzCVSSCRQZsBAqSu1,0,Mantle xMantle x1Genesis Duck
3P2rAHyHAqap3kXxndqsr94nbh6f5kGqXGJ,0,Mantle xMantle x1Genesis Duck
3PP5gZxRcJUVE1MvTviKD7tEJpkvr8A4vEH,0,Mantle xMantle x1Genesis Duck
3PPzRGtaYCuHpiZBxvZfor15wjx5NU7sueZ,0,Mantle xMantle x1Genesis Duck
3PFiKghKir83hnGPyUupsYurLrVaxMKGRm9,0,Mantle xMantle x1Genesis Duck
3PQNnNmHbsHi3ugLXhpqHKmbe5BqYpyMYEb,0,Mantle xMantle x1Genesis Duck
3PPcVAWYM9a1sDKJgu5qvkpW6BC9S15t7Lb,0,Mantle xMantle x1Genesis Duck
3PMVFtEsi5JrdVqZ1kDcN58HPaQZvfPLKfX,0,Mantle xMantle x1Genesis Duck
3P6nEM5MHM7xEb4JrZ363oQuTiq84oQxNFY,0,Mantle xMantle x1Genesis Duck
3PLUEBZGrcuozfRap9qDm3QtrQXPNqcbUe7,0,Mantle xMantle x1Genesis Duck
3PMvqVVX7UtUKPLN15XLcThkF3XEm8vJ92m,0,Mantle xMantle x1Genesis Duck
3PJkxHS2Uf55CpYaw33qyPTZwEuespvwTRZ,0,Mantle xMantle x1Genesis Duck
3PLQzS5pDMftmcwC4TLDDYndFa77s6Qqse6,0,Mantle xMantle x1Genesis Duck
3P7dmAvFwEfZSJufn78i9RGJJa2YF1YQToJ,0,Mantle xMantle x1Genesis Duck
3P36G69CmrXCCccQJdBPWTuGtV6LthHvDEe,0,Mantle xMantle x1Genesis Duck
3PMyNazeMveTM8veu4uoRMKc3pqwsEun4K7,0,Mantle xMantle x1Genesis Duck
3PFRSBXMhvGQsPuecsf4ARwALJxpZDrt6Mu,0,Mantle xMantle x1Genesis Duck
3P8sq69zEFooNt4Jiyf9urcMWBQGJcSHAR7,0,Mantle xMantle x1Genesis Duck
3P96mtHrYYGVHGVwoJcrEuQqsLqDMZeEXxd,0,Mantle xMantle x1Genesis Duck
3P3Jz9M7iioVdhewEDPNL3STtRtVrjamYjm,0,Mantle xMantle x1Genesis Duck
3P9CngUZKSC2iDxevQ4L3WJb5bH6vnPaUMT,0,Mantle xMantle x1Genesis Duck
